{
  "iri": "686e0216-80a7-4f0b-a570-610c8eabaa4e/5c46cbc6-669b-4a58-8fcb-a1db36fac2fe/a7d762e2-25e2-447e-b7c9-ea0f46d5794f",
  "types": [
    "http://dataspecer.com/resources/local/package"
  ],
  "userMetadata": {
    "label": {
      "en": "DataCite"
    },
    "description": {},
    "importedFromUrl": "https://michalmed.github.io/DataCite/en/",
    "documentBaseUrl": "https://michalmed.github.io/DataCite/en/"
  },
  "metadata": {
    "creationDate": "2025-06-23T15:04:28.202Z",
    "modificationDate": "2025-06-25T09:40:47.035Z"
  },
  "_version": 1,
  "_exportVersion": 1,
  "_exportedAt": "2025-06-25T10:33:55.850Z",
  "_exportedBy": "http://localhost:3100"
}