{
  "iri": "686e0216-80a7-4f0b-a570-610c8eabaa4e/5c46cbc6-669b-4a58-8fcb-a1db36fac2fe/09bfd38f-57db-4e86-ad9e-6dfa247d34f3/76e42455-d187-4c84-aac6-9f47bedf8a4b/9e3e13b5-0d93-418d-b43d-9399332de78e",
  "types": [
    "https://dataspecer.com/core/model-descriptor/pim-store-wrapper"
  ],
  "userMetadata": {
    "documentBaseUrl": "https://datagov-cz.github.io/cache-slovniku/rdfs.ttl",
    "label": {
      "en": "rdfs"
    }
  },
  "metadata": {
    "creationDate": "2025-06-23T15:04:24.817Z",
    "modificationDate": "2025-06-25T09:40:46.346Z"
  },
  "_version": 1,
  "_exportVersion": 1,
  "_exportedAt": "2025-06-25T10:33:55.823Z",
  "_exportedBy": "http://localhost:3100"
}