{
  "iri": "686e0216-80a7-4f0b-a570-610c8eabaa4e/5c46cbc6-669b-4a58-8fcb-a1db36fac2fe/09bfd38f-57db-4e86-ad9e-6dfa247d34f3/76e42455-d187-4c84-aac6-9f47bedf8a4b/c25c5d7b-8ba5-4964-8764-8be9009b2d94",
  "types": [
    "https://dataspecer.com/core/model-descriptor/pim-store-wrapper"
  ],
  "userMetadata": {
    "documentBaseUrl": "https://semiceu.github.io/Core-Location-Vocabulary/releases/2.00/voc/core-location-ap.ttl",
    "label": {
      "en": "core-location-ap"
    }
  },
  "metadata": {
    "creationDate": "2025-06-23T15:04:23.073Z",
    "modificationDate": "2025-06-25T09:40:45.994Z"
  },
  "_version": 1,
  "_exportVersion": 1,
  "_exportedAt": "2025-06-25T10:33:55.814Z",
  "_exportedBy": "http://localhost:3100"
}