{
  "iri": "686e0216-80a7-4f0b-a570-610c8eabaa4e/5c46cbc6-669b-4a58-8fcb-a1db36fac2fe/09bfd38f-57db-4e86-ad9e-6dfa247d34f3/76e42455-d187-4c84-aac6-9f47bedf8a4b/fbef1401-78f7-40d1-a9f1-35204e975fb2",
  "types": [
    "https://dataspecer.com/core/model-descriptor/pim-store-wrapper"
  ],
  "userMetadata": {
    "documentBaseUrl": "https://datagov-cz.github.io/cache-slovniku/skos.rdf",
    "label": {
      "en": "skos"
    }
  },
  "metadata": {
    "creationDate": "2025-06-23T15:04:22.569Z",
    "modificationDate": "2025-06-25T09:40:45.807Z"
  },
  "_version": 1,
  "_exportVersion": 1,
  "_exportedAt": "2025-06-25T10:33:55.810Z",
  "_exportedBy": "http://localhost:3100"
}