{
  "iri": "686e0216-80a7-4f0b-a570-610c8eabaa4e/5c46cbc6-669b-4a58-8fcb-a1db36fac2fe/ef32abfe-69e1-4e8b-8186-25ec417fba16",
  "types": [
    "https://dataspecer.com/core/model-descriptor/pim-store-wrapper"
  ],
  "userMetadata": {
    "documentBaseUrl": "https://michalmed.github.io/CCMM-V/en/model.owl.ttl",
    "label": {
      "en": "model"
    }
  },
  "metadata": {
    "creationDate": "2025-06-23T15:04:28.567Z",
    "modificationDate": "2025-06-25T09:40:45.276Z"
  },
  "_version": 1,
  "_exportVersion": 1,
  "_exportedAt": "2025-06-25T10:33:55.851Z",
  "_exportedBy": "http://localhost:3100"
}