{
  "iri": "686e0216-80a7-4f0b-a570-610c8eabaa4e/5c46cbc6-669b-4a58-8fcb-a1db36fac2fe/profile",
  "types": [
    "http://dataspecer.com/resources/local/semantic-model"
  ],
  "userMetadata": {
    "label": {
      "en": "Czech Core Metadata Model"
    },
    "documentBaseUrl": "https://eosc-cz.github.io/CCMM/czech-core-metadata-model/en/"
  },
  "metadata": {
    "creationDate": "2025-06-23T15:04:28.770Z",
    "modificationDate": "2025-06-25T09:40:45.360Z"
  },
  "_version": 1,
  "_exportVersion": 1,
  "_exportedAt": "2025-06-25T10:33:55.852Z",
  "_exportedBy": "http://localhost:3100"
}