{
  "iri": "686e0216-80a7-4f0b-a570-610c8eabaa4e",
  "types": [
    "http://dataspecer.com/resources/local/package"
  ],
  "userMetadata": {
    "label": {
      "en": "CCMM REMBI AP"
    },
    "description": {
      "en": "Niky / nemazat, zkousime si. "
    }
  },
  "metadata": {
    "creationDate": "2025-06-23T15:03:32.886Z",
    "modificationDate": "2025-06-25T09:40:48.962Z"
  },
  "_version": 1,
  "_exportVersion": 1,
  "_exportedAt": "2025-06-25T10:33:55.893Z",
  "_exportedBy": "http://localhost:3100"
}