{
  "iri": "5e2cff60-b109-45e7-aab8-d69ba4c5dc19",
  "types": [
    "http://dataspecer.com/resources/local/visual-model"
  ],
  "userMetadata": {
    "label": {
      "en": "View for CCMM REMBI AP"
    },
    "description": {
      "en": "View model for the profile"
    }
  },
  "metadata": {
    "creationDate": "2025-06-23T15:03:33.080Z",
    "modificationDate": "2025-06-25T09:40:48.919Z"
  },
  "_version": 1,
  "_exportVersion": 1,
  "_exportedAt": "2025-06-25T10:33:55.687Z",
  "_exportedBy": "http://localhost:3100"
}