{
  "identifier": "5e2cff60-b109-45e7-aab8-d69ba4c5dc19",
  "version": 1,
  "type": "http://dataspecer.com/resources/local/visual-model",
  "entities": [
    {
      "identifier": "5e2cff60-b109-45e7-aab8-d69ba4c5dc19-model-metadata-entity",
      "type": [
        "entity-model-type"
      ],
      "label": {
        "en": "View for CCMM REMBI AP"
      }
    },
    {
      "model": "ad8239e6-2058-40c8-be3e-17d04e7b92e3",
      "representedEntity": "25o63x1glnlmawnapjv",
      "position": {
        "x": 870,
        "y": 500,
        "anchored": null
      },
      "content": [
        "divxmktz1tmaxorefy",
        "njapyq0b25maxtwtbg",
        "w1a07zgvsmmbuwxaxm",
        "dvgm25hrcnimc4k91z1",
        "34opv1fkkyymbuv672y"
      ],
      "visualModels": [],
      "type": [
        "visual-node"
      ],
      "identifier": "xleu4"
    },
    {
      "model": "ad8239e6-2058-40c8-be3e-17d04e7b92e3",
      "representedEntity": "aiy0pbza70pmaxtmyla",
      "position": {
        "x": 160,
        "y": 240,
        "anchored": null
      },
      "content": [
        "exddjj6wg3qmaxtogcf"
      ],
      "visualModels": [],
      "type": [
        "visual-node"
      ],
      "identifier": "cnojf"
    },
    {
      "type": [
        "http://dataspecer.com/resources/local/visual-model"
      ],
      "representedModel": "km4qt",
      "color": "#ffd670",
      "identifier": "s3k51"
    },
    {
      "model": "ad8239e6-2058-40c8-be3e-17d04e7b92e3",
      "representedRelationship": "s8brp3u5jlhmaxtyc77",
      "waypoints": [],
      "visualSource": "xleu4",
      "visualTarget": "cnojf",
      "type": [
        "visual-relationship"
      ],
      "identifier": "9ppm7f"
    },
    {
      "model": "ad8239e6-2058-40c8-be3e-17d04e7b92e3",
      "representedEntity": "bjyhi77lfemaxu19m1",
      "position": {
        "x": 1750,
        "y": 990,
        "anchored": null
      },
      "content": [
        "ntryicj4hemc4kp4ph"
      ],
      "visualModels": [],
      "type": [
        "visual-node"
      ],
      "identifier": "zraun"
    },
    {
      "model": "ad8239e6-2058-40c8-be3e-17d04e7b92e3",
      "representedEntity": "uj2uu59m0dmaxu1qdp",
      "position": {
        "x": 1360,
        "y": 850,
        "anchored": null
      },
      "content": [],
      "visualModels": [],
      "type": [
        "visual-node"
      ],
      "identifier": "zf63n"
    },
    {
      "model": "ad8239e6-2058-40c8-be3e-17d04e7b92e3",
      "representedEntity": "q3wu87gybrnmaxu21de",
      "position": {
        "x": 2170,
        "y": 740,
        "anchored": null
      },
      "content": [
        "eya46jkkhzmbqjimsz"
      ],
      "visualModels": [],
      "type": [
        "visual-node"
      ],
      "identifier": "rayyy"
    },
    {
      "model": "ad8239e6-2058-40c8-be3e-17d04e7b92e3",
      "representedRelationship": "ihf33iuqlmcmaxu3gmb",
      "waypoints": [],
      "visualSource": "xleu4",
      "visualTarget": "zf63n",
      "type": [
        "visual-relationship"
      ],
      "identifier": "k2u73"
    },
    {
      "model": "ad8239e6-2058-40c8-be3e-17d04e7b92e3",
      "representedRelationship": "y5ogwgeom5kmaxu5bt5",
      "waypoints": [],
      "visualSource": "zf63n",
      "visualTarget": "rayyy",
      "type": [
        "visual-relationship"
      ],
      "identifier": "87gr7"
    },
    {
      "model": "ad8239e6-2058-40c8-be3e-17d04e7b92e3",
      "representedEntity": "1pfaul1fnkcmaxuabpi",
      "position": {
        "x": 1800,
        "y": 1270,
        "anchored": null
      },
      "content": [
        "gegctjacl0cmaxubs2d",
        "biflr9uzxp8maxueg4n"
      ],
      "visualModels": [],
      "type": [
        "visual-node"
      ],
      "identifier": "qmuoh"
    },
    {
      "model": "ad8239e6-2058-40c8-be3e-17d04e7b92e3",
      "representedRelationship": "fp8suhygn6vmaxuauqx",
      "waypoints": [],
      "visualSource": "qmuoh",
      "visualTarget": "zraun",
      "type": [
        "visual-relationship"
      ],
      "identifier": "3iitvj"
    },
    {
      "model": "ad8239e6-2058-40c8-be3e-17d04e7b92e3",
      "representedEntity": "ojusd7habpjmaxuf0xf",
      "position": {
        "x": 1150,
        "y": 1290,
        "anchored": null
      },
      "content": [
        "bhdbjzoow6rmc4krbzg",
        "hdln2hfkgoimc4qk3s3"
      ],
      "visualModels": [],
      "type": [
        "visual-node"
      ],
      "identifier": "64dv6"
    },
    {
      "model": "ad8239e6-2058-40c8-be3e-17d04e7b92e3",
      "representedRelationship": "w9nfvf9busdmaxufcdi",
      "waypoints": [],
      "visualSource": "64dv6",
      "visualTarget": "zraun",
      "type": [
        "visual-relationship"
      ],
      "identifier": "ty9zr"
    },
    {
      "model": "ad8239e6-2058-40c8-be3e-17d04e7b92e3",
      "representedRelationship": "kgwzselj41bmaxufp0r",
      "waypoints": [],
      "visualSource": "qmuoh",
      "visualTarget": "64dv6",
      "type": [
        "visual-relationship"
      ],
      "identifier": "w0y8p"
    },
    {
      "model": "ad8239e6-2058-40c8-be3e-17d04e7b92e3",
      "representedEntity": "mrxc5o1spimaxw0ahp",
      "position": {
        "x": 1540,
        "y": 480,
        "anchored": null
      },
      "content": [
        "s47vetgrwhmbqig022"
      ],
      "visualModels": [],
      "type": [
        "visual-node"
      ],
      "identifier": "6x362"
    },
    {
      "model": "ad8239e6-2058-40c8-be3e-17d04e7b92e3",
      "representedRelationship": "h1z4dqi4y8hmaxw0mo1",
      "waypoints": [],
      "visualSource": "xleu4",
      "visualTarget": "6x362",
      "type": [
        "visual-relationship"
      ],
      "identifier": "1q5cz"
    },
    {
      "model": "ad8239e6-2058-40c8-be3e-17d04e7b92e3",
      "representedEntity": "8ke797xwekhmaxw5t1f",
      "position": {
        "x": 2330,
        "y": 1000,
        "anchored": null
      },
      "content": [
        "iytdj0ze3nlmaxw8kwb",
        "iflbaddl2momc4ksl99",
        "sqgv4wcnpspmc4kstms"
      ],
      "visualModels": [],
      "type": [
        "visual-node"
      ],
      "identifier": "y2wzh"
    },
    {
      "model": "ad8239e6-2058-40c8-be3e-17d04e7b92e3",
      "representedRelationship": "epou75fxsztmaxw6c7z",
      "waypoints": [],
      "visualSource": "zraun",
      "visualTarget": "y2wzh",
      "type": [
        "visual-relationship"
      ],
      "identifier": "1effz"
    },
    {
      "model": "ad8239e6-2058-40c8-be3e-17d04e7b92e3",
      "representedEntity": "8rx5maxgwcnmaxw6mio",
      "position": {
        "x": 2360,
        "y": 1240,
        "anchored": null
      },
      "content": [
        "tvvym4874qmaxw7yvn",
        "740v55elelcmc4o7hyk",
        "1ygzcroi72zmc4o9t5g",
        "g0vnl0jam4gmc4oapt0",
        "nb5n3rn157mc4o6ib8",
        "y38o9ucrffcmc4o7v78",
        "8ntmec4ll1imc4o8aj0",
        "sjlcroti1zmc4o9cg4",
        "kr5uge2708smc4o6z0k",
        "5me0g9o9rgvmc4o74f0",
        "hy00m540ditmc4o8t78"
      ],
      "visualModels": [],
      "type": [
        "visual-node"
      ],
      "identifier": "6y45ah"
    },
    {
      "model": "ad8239e6-2058-40c8-be3e-17d04e7b92e3",
      "representedRelationship": "dvwg0s1ldmmaxw77bk",
      "waypoints": [],
      "visualSource": "y2wzh",
      "visualTarget": "6y45ah",
      "type": [
        "visual-relationship"
      ],
      "identifier": "5nhqe"
    },
    {
      "model": "ad8239e6-2058-40c8-be3e-17d04e7b92e3",
      "representedEntity": "bhih8w9319maxwpdwz",
      "position": {
        "x": 1440,
        "y": 240,
        "anchored": null
      },
      "content": [
        "ulenojvww5bmaxygou2"
      ],
      "visualModels": [],
      "type": [
        "visual-node"
      ],
      "identifier": "jl5bv"
    },
    {
      "model": "ad8239e6-2058-40c8-be3e-17d04e7b92e3",
      "representedRelationship": "afbnerl6h2maxwqa27",
      "waypoints": [],
      "visualSource": "zraun",
      "visualTarget": "jl5bv",
      "type": [
        "visual-relationship"
      ],
      "identifier": "k185kj"
    },
    {
      "model": "ad8239e6-2058-40c8-be3e-17d04e7b92e3",
      "representedEntity": "slihp4kiax9maxy9dj9",
      "position": {
        "x": 1480,
        "y": 20,
        "anchored": null
      },
      "content": [
        "8deifc8xdtvmaxya2qr",
        "69z3910uocvmaxyabq2",
        "bm4ejg6nhd6mc4l5vrp"
      ],
      "visualModels": [],
      "type": [
        "visual-node"
      ],
      "identifier": "2ek6p"
    },
    {
      "model": "ad8239e6-2058-40c8-be3e-17d04e7b92e3",
      "representedRelationship": "q7t14gpvtkhmaxybr4a",
      "waypoints": [],
      "visualSource": "xleu4",
      "visualTarget": "jl5bv",
      "type": [
        "visual-relationship"
      ],
      "identifier": "0onfw"
    },
    {
      "model": "ad8239e6-2058-40c8-be3e-17d04e7b92e3",
      "representedRelationship": "pjfixvasqqlmaxydt87",
      "waypoints": [],
      "visualSource": "xleu4",
      "visualTarget": "2ek6p",
      "type": [
        "visual-relationship"
      ],
      "identifier": "mdockk"
    },
    {
      "model": "ad8239e6-2058-40c8-be3e-17d04e7b92e3",
      "representedEntity": "so5swgksc8mb4u0a2l",
      "position": {
        "x": 740,
        "y": 890,
        "anchored": null
      },
      "content": [
        "d74s7m3folqmbuwwo2q",
        "j84ljn5wvfbmbuwuos2",
        "ju2lr2z5v3cmc20kzqp"
      ],
      "visualModels": [],
      "type": [
        "visual-node"
      ],
      "identifier": "i6418"
    },
    {
      "model": "ad8239e6-2058-40c8-be3e-17d04e7b92e3",
      "representedRelationship": "g9ypf6s63f4mb4u7x3h",
      "waypoints": [],
      "visualSource": "i6418",
      "visualTarget": "zf63n",
      "type": [
        "visual-relationship"
      ],
      "identifier": "jqomv"
    },
    {
      "model": "ad8239e6-2058-40c8-be3e-17d04e7b92e3",
      "representedRelationship": "6td3ton9qtdmb4u8xm3",
      "waypoints": [],
      "visualSource": "xleu4",
      "visualTarget": "i6418",
      "type": [
        "visual-relationship"
      ],
      "identifier": "8b658"
    },
    {
      "model": "ad8239e6-2058-40c8-be3e-17d04e7b92e3",
      "representedRelationship": "t1w0qseovxmb4uqhwo",
      "waypoints": [],
      "visualSource": "i6418",
      "visualTarget": "jl5bv",
      "type": [
        "visual-relationship"
      ],
      "identifier": "9kqxv"
    },
    {
      "type": [
        "http://dataspecer.com/resources/local/visual-model"
      ],
      "representedModel": "h35j6",
      "color": "#ff70a6",
      "identifier": "khv5mj"
    },
    {
      "model": "ad8239e6-2058-40c8-be3e-17d04e7b92e3",
      "representedEntity": "mh6mmafowa8mbqj3r9c",
      "position": {
        "x": 2210,
        "y": 310,
        "anchored": null
      },
      "content": [
        "4mnn7k5d3j6mbqj6xwh"
      ],
      "visualModels": [],
      "type": [
        "visual-node"
      ],
      "identifier": "99hko"
    },
    {
      "model": "ad8239e6-2058-40c8-be3e-17d04e7b92e3",
      "representedEntity": "8bqpv612pqmbqj4a4q",
      "position": {
        "x": 2220,
        "y": 540,
        "anchored": null
      },
      "content": [
        "eoo4klesubmbqj9gmq"
      ],
      "visualModels": [],
      "type": [
        "visual-node"
      ],
      "identifier": "t98xuf"
    },
    {
      "model": "ad8239e6-2058-40c8-be3e-17d04e7b92e3",
      "representedRelationship": "7yjhj6z2numbqja0vp",
      "waypoints": [],
      "visualSource": "6x362",
      "visualTarget": "t98xuf",
      "type": [
        "visual-relationship"
      ],
      "identifier": "are7ph"
    },
    {
      "model": "ad8239e6-2058-40c8-be3e-17d04e7b92e3",
      "representedRelationship": "iou4irytcbhmburur6w",
      "waypoints": [],
      "visualSource": "6x362",
      "visualTarget": "99hko",
      "type": [
        "visual-relationship"
      ],
      "identifier": "cnz24"
    },
    {
      "model": "ad8239e6-2058-40c8-be3e-17d04e7b92e3",
      "representedEntity": "wvqouscaqvmbuxjuvm",
      "position": {
        "x": 1900,
        "y": -670,
        "anchored": null
      },
      "content": [
        "2lm4o9q1ouzmc4sd1b7",
        "9f3hi1h0rzkmc4sgp5v"
      ],
      "visualModels": [],
      "type": [
        "visual-node"
      ],
      "identifier": "upkrqj"
    },
    {
      "model": "ad8239e6-2058-40c8-be3e-17d04e7b92e3",
      "representedRelationship": "06rt66t4ilhymbuxlz5u",
      "waypoints": [],
      "visualSource": "upkrqj",
      "visualTarget": "xleu4",
      "type": [
        "visual-relationship"
      ],
      "identifier": "iu94n"
    },
    {
      "model": "ad8239e6-2058-40c8-be3e-17d04e7b92e3",
      "representedEntity": "8b0icjmbakumbytmw6a",
      "position": {
        "x": -430,
        "y": 170,
        "anchored": null
      },
      "content": [
        "gai0hcgpuwdmc1x1mwx"
      ],
      "visualModels": [],
      "type": [
        "visual-node"
      ],
      "identifier": "6aa7p"
    },
    {
      "model": "ad8239e6-2058-40c8-be3e-17d04e7b92e3",
      "representedEntity": "etqxjzput6qmbytv2yj",
      "position": {
        "x": 220,
        "y": -30,
        "anchored": null
      },
      "content": [
        "zrb2u8iwgkhmc4llegk",
        "39jfwf4fjkamc4llqqc",
        "fl8q38g2x3mc4llxrw"
      ],
      "visualModels": [],
      "type": [
        "visual-node"
      ],
      "identifier": "5gb7s"
    },
    {
      "model": "ad8239e6-2058-40c8-be3e-17d04e7b92e3",
      "representedEntity": "negujroqesmbz0wckv",
      "position": {
        "x": 600,
        "y": 1530,
        "anchored": null
      },
      "content": [
        "tt65tvypbmbz0zzz1"
      ],
      "visualModels": [],
      "type": [
        "visual-node"
      ],
      "identifier": "8s4hnj"
    },
    {
      "model": "ad8239e6-2058-40c8-be3e-17d04e7b92e3",
      "representedEntity": "upkspiy4ttdmbz0wxh2",
      "position": {
        "x": 620,
        "y": 1760,
        "anchored": null
      },
      "content": [
        "ikz5vjw7vcmbz1v4yd"
      ],
      "visualModels": [],
      "type": [
        "visual-node"
      ],
      "identifier": "d55y4h"
    },
    {
      "model": "ad8239e6-2058-40c8-be3e-17d04e7b92e3",
      "representedRelationship": "tcmy5jw4wbbmbz0xlo9",
      "waypoints": [],
      "visualSource": "8s4hnj",
      "visualTarget": "d55y4h",
      "type": [
        "visual-relationship"
      ],
      "identifier": "jny2f"
    },
    {
      "model": "ad8239e6-2058-40c8-be3e-17d04e7b92e3",
      "representedRelationship": "spxidvvpe7ambz0y0li",
      "waypoints": [],
      "visualSource": "i6418",
      "visualTarget": "8s4hnj",
      "type": [
        "visual-relationship"
      ],
      "identifier": "uukzo"
    },
    {
      "model": "ad8239e6-2058-40c8-be3e-17d04e7b92e3",
      "representedRelationship": "p87e4nhat6qmbz0yawg",
      "waypoints": [],
      "visualSource": "xleu4",
      "visualTarget": "8s4hnj",
      "type": [
        "visual-relationship"
      ],
      "identifier": "y621e"
    },
    {
      "model": "ad8239e6-2058-40c8-be3e-17d04e7b92e3",
      "representedEntity": "ruye0d5pfsmbz10ab0",
      "position": {
        "x": 1240,
        "y": 1530,
        "anchored": null
      },
      "content": [
        "tl3x7pjgk5tmc1zntyh"
      ],
      "visualModels": [],
      "type": [
        "visual-node"
      ],
      "identifier": "wbm8c"
    },
    {
      "model": "ad8239e6-2058-40c8-be3e-17d04e7b92e3",
      "representedEntity": "yqd95cio6qmbz10s3b",
      "position": {
        "x": 1280,
        "y": 1810,
        "anchored": null
      },
      "content": [],
      "visualModels": [],
      "type": [
        "visual-node"
      ],
      "identifier": "hja8f"
    },
    {
      "model": "ad8239e6-2058-40c8-be3e-17d04e7b92e3",
      "representedRelationship": "camb57psig5mbz11vwg",
      "waypoints": [],
      "visualSource": "hja8f",
      "visualTarget": "wbm8c",
      "type": [
        "visual-relationship"
      ],
      "identifier": "diyxb"
    },
    {
      "model": "ad8239e6-2058-40c8-be3e-17d04e7b92e3",
      "representedRelationship": "lu28kinc9zmbz12svf",
      "waypoints": [
        {
          "x": 1470,
          "y": 1630,
          "anchored": null
        }
      ],
      "visualSource": "hja8f",
      "visualTarget": "wbm8c",
      "type": [
        "visual-relationship"
      ],
      "identifier": "hsip4"
    },
    {
      "model": "ad8239e6-2058-40c8-be3e-17d04e7b92e3",
      "representedEntity": "oa6wj8sd8imc20vfax",
      "position": {
        "x": -800,
        "y": -300,
        "anchored": null
      },
      "content": [
        "l5lka5jyw4imc20vvn4"
      ],
      "visualModels": [],
      "type": [
        "visual-node"
      ],
      "identifier": "cje6v"
    },
    {
      "model": "ad8239e6-2058-40c8-be3e-17d04e7b92e3",
      "representedEntity": "93u9tr4jnwumc4kuj44",
      "position": {
        "x": 2080,
        "y": 70,
        "anchored": null
      },
      "content": [
        "rhnwaq0e7krmc4kv7pg"
      ],
      "visualModels": [],
      "type": [
        "visual-node"
      ],
      "identifier": "jsxip"
    },
    {
      "model": "ad8239e6-2058-40c8-be3e-17d04e7b92e3",
      "representedRelationship": "g6xpyp46jmimc4kvu9o",
      "waypoints": [],
      "visualSource": "jl5bv",
      "visualTarget": "jsxip",
      "type": [
        "visual-relationship"
      ],
      "identifier": "eh94o"
    },
    {
      "model": "ad8239e6-2058-40c8-be3e-17d04e7b92e3",
      "representedEntity": "pjetc9jq5hjmc4l7cac",
      "position": {
        "x": 1230,
        "y": -170,
        "anchored": null
      },
      "content": [
        "79564hixrremc4l9q50"
      ],
      "visualModels": [],
      "type": [
        "visual-node"
      ],
      "identifier": "dc43b"
    },
    {
      "model": "ad8239e6-2058-40c8-be3e-17d04e7b92e3",
      "representedEntity": "s3n7u5zhn8dmc4l7plg",
      "position": {
        "x": 1900,
        "y": -170,
        "anchored": null
      },
      "content": [
        "4wwj8jmy9y5mc4l8u30"
      ],
      "visualModels": [],
      "type": [
        "visual-node"
      ],
      "identifier": "nj2wu"
    },
    {
      "model": "ad8239e6-2058-40c8-be3e-17d04e7b92e3",
      "representedRelationship": "e61gptk89zfmc4l995g",
      "waypoints": [],
      "visualSource": "xleu4",
      "visualTarget": "dc43b",
      "type": [
        "visual-relationship"
      ],
      "identifier": "holee"
    },
    {
      "model": "ad8239e6-2058-40c8-be3e-17d04e7b92e3",
      "representedRelationship": "8sxpqywjmv6mc4l9yek",
      "waypoints": [],
      "visualSource": "dc43b",
      "visualTarget": "nj2wu",
      "type": [
        "visual-relationship"
      ],
      "identifier": "lqtvq"
    },
    {
      "model": "ad8239e6-2058-40c8-be3e-17d04e7b92e3",
      "representedEntity": "cg5e68y3czkmc4lb6it",
      "position": {
        "x": 680,
        "y": -230,
        "anchored": null
      },
      "content": [
        "j42krxu9eesmc4lbo6s",
        "08y0jofrqqeumc4lbves"
      ],
      "visualModels": [],
      "type": [
        "visual-node"
      ],
      "identifier": "25z1c"
    },
    {
      "model": "ad8239e6-2058-40c8-be3e-17d04e7b92e3",
      "representedRelationship": "t2waxppbrurmc4lcejo",
      "waypoints": [],
      "visualSource": "25z1c",
      "visualTarget": "xleu4",
      "type": [
        "visual-relationship"
      ],
      "identifier": "dza6jf"
    },
    {
      "model": "ad8239e6-2058-40c8-be3e-17d04e7b92e3",
      "representedRelationship": "wcw0757ralkmc4ld7tg",
      "waypoints": [],
      "visualSource": "25z1c",
      "visualTarget": "cje6v",
      "type": [
        "visual-relationship"
      ],
      "identifier": "iytmu"
    },
    {
      "model": "ad8239e6-2058-40c8-be3e-17d04e7b92e3",
      "representedRelationship": "qlezyl6qp6mc4le2qk",
      "waypoints": [],
      "visualSource": "25z1c",
      "visualTarget": "zf63n",
      "type": [
        "visual-relationship"
      ],
      "identifier": "ey0k3"
    },
    {
      "model": "ad8239e6-2058-40c8-be3e-17d04e7b92e3",
      "representedEntity": "zs4mpubksjomc4lej6k",
      "position": {
        "x": 880,
        "y": -470,
        "anchored": null
      },
      "content": [
        "yeki3ewu9mmc4levx8"
      ],
      "visualModels": [],
      "type": [
        "visual-node"
      ],
      "identifier": "rlem1"
    },
    {
      "model": "ad8239e6-2058-40c8-be3e-17d04e7b92e3",
      "representedRelationship": "domfm3jnahmc4lfado",
      "waypoints": [],
      "visualSource": "25z1c",
      "visualTarget": "rlem1",
      "type": [
        "visual-relationship"
      ],
      "identifier": "59qjy"
    },
    {
      "model": "ad8239e6-2058-40c8-be3e-17d04e7b92e3",
      "representedRelationship": "i66xbrth35bmc4lfvl8",
      "waypoints": [],
      "visualSource": "xleu4",
      "visualTarget": "25z1c",
      "type": [
        "visual-relationship"
      ],
      "identifier": "n3xsa"
    },
    {
      "model": "ad8239e6-2058-40c8-be3e-17d04e7b92e3",
      "representedEntity": "gtnmq24zk36mc4lis3g",
      "position": {
        "x": 680,
        "y": 110,
        "anchored": null
      },
      "content": [
        "34xvnju759amc4lj54c"
      ],
      "visualModels": [],
      "type": [
        "visual-node"
      ],
      "identifier": "ngvy4"
    },
    {
      "model": "ad8239e6-2058-40c8-be3e-17d04e7b92e3",
      "representedRelationship": "v0dbiuiitucmc4ljqb0",
      "waypoints": [],
      "visualSource": "xleu4",
      "visualTarget": "ngvy4",
      "type": [
        "visual-relationship"
      ],
      "identifier": "gqegg"
    },
    {
      "model": "ad8239e6-2058-40c8-be3e-17d04e7b92e3",
      "representedRelationship": "4cfgc5jzc8umc4lmqqs",
      "waypoints": [],
      "visualSource": "5gb7s",
      "visualTarget": "6aa7p",
      "type": [
        "visual-relationship"
      ],
      "identifier": "h2jol"
    },
    {
      "model": "ad8239e6-2058-40c8-be3e-17d04e7b92e3",
      "representedRelationship": "le7pb7p6kvmc4ln0ms",
      "waypoints": [],
      "visualSource": "xleu4",
      "visualTarget": "5gb7s",
      "type": [
        "visual-relationship"
      ],
      "identifier": "rm3zw"
    },
    {
      "model": "ad8239e6-2058-40c8-be3e-17d04e7b92e3",
      "representedEntity": "o9wsxxc2y7mc4lrwn9",
      "position": {
        "x": 110,
        "y": 450,
        "anchored": null
      },
      "content": [
        "a5vqa733u0rmc4lsi1w"
      ],
      "visualModels": [],
      "type": [
        "visual-node"
      ],
      "identifier": "vcwoi"
    },
    {
      "model": "ad8239e6-2058-40c8-be3e-17d04e7b92e3",
      "representedRelationship": "cu8n4z3m72mc4lsb5w",
      "waypoints": [],
      "visualSource": "xleu4",
      "visualTarget": "vcwoi",
      "type": [
        "visual-relationship"
      ],
      "identifier": "q7t8y"
    },
    {
      "model": "ad8239e6-2058-40c8-be3e-17d04e7b92e3",
      "representedRelationship": "pstvg0xts2mc4nwxxy",
      "waypoints": [],
      "visualSource": "wbm8c",
      "visualTarget": "8s4hnj",
      "type": [
        "visual-relationship"
      ],
      "identifier": "m5tcj"
    },
    {
      "model": "ad8239e6-2058-40c8-be3e-17d04e7b92e3",
      "representedEntity": "cdoswk3qiwkmc4om3z8",
      "position": {
        "x": 200,
        "y": 810,
        "anchored": null
      },
      "content": [
        "x84lm9q6xabmc4owd7w",
        "z2d411krizmc4p6vcb"
      ],
      "visualModels": [],
      "type": [
        "visual-node"
      ],
      "identifier": "v3m8o"
    },
    {
      "model": "ad8239e6-2058-40c8-be3e-17d04e7b92e3",
      "representedRelationship": "0y5qotcu3vebmc4ou130",
      "waypoints": [],
      "visualSource": "xleu4",
      "visualTarget": "v3m8o",
      "type": [
        "visual-relationship"
      ],
      "identifier": "mcgsw"
    },
    {
      "model": "ad8239e6-2058-40c8-be3e-17d04e7b92e3",
      "representedEntity": "cfi2l4mribmc4p763o",
      "position": {
        "x": 90,
        "y": 1030,
        "anchored": null
      },
      "content": [
        "0sn63noegl0imc4p89or"
      ],
      "visualModels": [],
      "type": [
        "visual-node"
      ],
      "identifier": "2ar8s"
    },
    {
      "model": "ad8239e6-2058-40c8-be3e-17d04e7b92e3",
      "representedRelationship": "d897pnshr77mc4p7xks",
      "waypoints": [],
      "visualSource": "v3m8o",
      "visualTarget": "2ar8s",
      "type": [
        "visual-relationship"
      ],
      "identifier": "1ba79"
    },
    {
      "model": "ad8239e6-2058-40c8-be3e-17d04e7b92e3",
      "representedRelationship": "pe0zt92xusmc4p8s4c",
      "waypoints": [],
      "visualSource": "v3m8o",
      "visualTarget": "i6418",
      "type": [
        "visual-relationship"
      ],
      "identifier": "xc3vl"
    },
    {
      "model": "ad8239e6-2058-40c8-be3e-17d04e7b92e3",
      "representedEntity": "mnn718bbblmc4p96n8",
      "position": {
        "x": 440,
        "y": 1240,
        "anchored": null
      },
      "content": [
        "w0olpfoikemc4pazkr"
      ],
      "visualModels": [],
      "type": [
        "visual-node"
      ],
      "identifier": "6f7j7"
    },
    {
      "model": "ad8239e6-2058-40c8-be3e-17d04e7b92e3",
      "representedRelationship": "6unqdi6gdwpmc4p9o9w",
      "waypoints": [],
      "visualSource": "v3m8o",
      "visualTarget": "6f7j7",
      "type": [
        "visual-relationship"
      ],
      "identifier": "7sd8j"
    },
    {
      "model": "ad8239e6-2058-40c8-be3e-17d04e7b92e3",
      "representedEntity": "d42c8k2wl7tmc4pdfvg",
      "position": {
        "x": -80,
        "y": 620,
        "anchored": null
      },
      "content": [
        "kybpattea4mc4pdu2b"
      ],
      "visualModels": [],
      "type": [
        "visual-node"
      ],
      "identifier": "dnll3"
    },
    {
      "model": "ad8239e6-2058-40c8-be3e-17d04e7b92e3",
      "representedRelationship": "4zmweayz16rmc4pe2ng",
      "waypoints": [],
      "visualSource": "xleu4",
      "visualTarget": "dnll3",
      "type": [
        "visual-relationship"
      ],
      "identifier": "wl153"
    },
    {
      "model": "ad8239e6-2058-40c8-be3e-17d04e7b92e3",
      "representedEntity": "236dktmrc36mc4pft2s",
      "position": {
        "x": -190,
        "y": 1290,
        "anchored": null
      },
      "content": [
        "dc4wryy949nmc4pgbhw"
      ],
      "visualModels": [],
      "type": [
        "visual-node"
      ],
      "identifier": "m3h8y"
    },
    {
      "model": "ad8239e6-2058-40c8-be3e-17d04e7b92e3",
      "representedRelationship": "fnxavlo19fcmc4pgqys",
      "waypoints": [],
      "visualSource": "m3h8y",
      "visualTarget": "i6418",
      "type": [
        "visual-relationship"
      ],
      "identifier": "b5b0u"
    },
    {
      "model": "ad8239e6-2058-40c8-be3e-17d04e7b92e3",
      "representedRelationship": "4svchez9nsemc4phewr",
      "waypoints": [],
      "visualSource": "jbrov",
      "visualTarget": "m3h8y",
      "type": [
        "visual-relationship"
      ],
      "identifier": "uussh"
    },
    {
      "model": "ad8239e6-2058-40c8-be3e-17d04e7b92e3",
      "representedEntity": "5bfhr3bkxacmc4piel0",
      "position": {
        "x": -850,
        "y": 780,
        "anchored": null
      },
      "content": [
        "t1lh1i5k7ldmc4pkexn"
      ],
      "visualModels": [],
      "type": [
        "visual-node"
      ],
      "identifier": "jbrov"
    },
    {
      "model": "ad8239e6-2058-40c8-be3e-17d04e7b92e3",
      "representedRelationship": "cy1fl60du7rmc4pik4v",
      "waypoints": [],
      "visualSource": "jbrov",
      "visualTarget": "dnll3",
      "type": [
        "visual-relationship"
      ],
      "identifier": "6ih56g"
    },
    {
      "model": "ad8239e6-2058-40c8-be3e-17d04e7b92e3",
      "representedEntity": "s47ue2abcomc4pj898",
      "position": {
        "x": -870,
        "y": 520,
        "anchored": null
      },
      "content": [
        "wg9wzfwkbhomc4pk0rn"
      ],
      "visualModels": [],
      "type": [
        "visual-node"
      ],
      "identifier": "b5udf"
    },
    {
      "model": "ad8239e6-2058-40c8-be3e-17d04e7b92e3",
      "representedRelationship": "yi437yhf7esmc4pjcxy",
      "waypoints": [],
      "visualSource": "b5udf",
      "visualTarget": "dnll3",
      "type": [
        "visual-relationship"
      ],
      "identifier": "r45c"
    },
    {
      "model": "ad8239e6-2058-40c8-be3e-17d04e7b92e3",
      "representedRelationship": "x7nn2u2xggmc4pm1v8",
      "waypoints": [],
      "visualSource": "jbrov",
      "visualTarget": "cje6v",
      "type": [
        "visual-relationship"
      ],
      "identifier": "bq5lr"
    },
    {
      "model": "ad8239e6-2058-40c8-be3e-17d04e7b92e3",
      "representedRelationship": "s0f5o88er3omc4pml2b",
      "waypoints": [],
      "visualSource": "b5udf",
      "visualTarget": "cje6v",
      "type": [
        "visual-relationship"
      ],
      "identifier": "jg6ut"
    },
    {
      "model": "ad8239e6-2058-40c8-be3e-17d04e7b92e3",
      "representedEntity": "sb4sl96lbbmc4pn2q4",
      "position": {
        "x": -940,
        "y": 1070,
        "anchored": null
      },
      "content": [
        "j1ldv7h7dsmc4pnks4"
      ],
      "visualModels": [],
      "type": [
        "visual-node"
      ],
      "identifier": "wbjfx"
    },
    {
      "model": "ad8239e6-2058-40c8-be3e-17d04e7b92e3",
      "representedRelationship": "n3lgd7xjqmmc4popac",
      "waypoints": [],
      "visualSource": "jbrov",
      "visualTarget": "wbjfx",
      "type": [
        "visual-relationship"
      ],
      "identifier": "btenz"
    },
    {
      "model": "ad8239e6-2058-40c8-be3e-17d04e7b92e3",
      "representedEntity": "xa8knvjkkdmc4pqtdg",
      "position": {
        "x": -1460,
        "y": 680,
        "anchored": null
      },
      "content": [
        "zcfv7dthuamc4prbjf"
      ],
      "visualModels": [],
      "type": [
        "visual-node"
      ],
      "identifier": "mj77zg"
    },
    {
      "model": "ad8239e6-2058-40c8-be3e-17d04e7b92e3",
      "representedRelationship": "gubjm0js8eamc4ps5us",
      "waypoints": [],
      "visualSource": "b5udf",
      "visualTarget": "mj77zg",
      "type": [
        "visual-relationship"
      ],
      "identifier": "gz5o9k"
    },
    {
      "model": "ad8239e6-2058-40c8-be3e-17d04e7b92e3",
      "representedEntity": "9knq6ndda3kmc4psfs4",
      "position": {
        "x": -1550,
        "y": 990,
        "anchored": null
      },
      "content": [],
      "visualModels": [],
      "type": [
        "visual-node"
      ],
      "identifier": "cc0vn"
    },
    {
      "model": "ad8239e6-2058-40c8-be3e-17d04e7b92e3",
      "representedRelationship": "06sl35clypxtmc4psxic",
      "waypoints": [],
      "visualSource": "mj77zg",
      "visualTarget": "cc0vn",
      "type": [
        "visual-relationship"
      ],
      "identifier": "rmmol"
    },
    {
      "model": "ad8239e6-2058-40c8-be3e-17d04e7b92e3",
      "representedEntity": "q760mvw12ucmc4pubvg",
      "position": {
        "x": -1710,
        "y": 520,
        "anchored": null
      },
      "content": [
        "554lv5f9jtmmc4pz6df"
      ],
      "visualModels": [],
      "type": [
        "visual-node"
      ],
      "identifier": "bn88h"
    },
    {
      "model": "ad8239e6-2058-40c8-be3e-17d04e7b92e3",
      "representedRelationship": "sy5d0zic44mc4puskr",
      "waypoints": [],
      "visualSource": "b5udf",
      "visualTarget": "bn88h",
      "type": [
        "visual-relationship"
      ],
      "identifier": "kakgo"
    },
    {
      "model": "ad8239e6-2058-40c8-be3e-17d04e7b92e3",
      "representedEntity": "qbsourlo3h9mc4pv0zo",
      "position": {
        "x": -1130,
        "y": 140,
        "anchored": null
      },
      "content": [
        "gjnljutnjbmc4pw1vf"
      ],
      "visualModels": [],
      "type": [
        "visual-node"
      ],
      "identifier": "2k3sq"
    },
    {
      "model": "ad8239e6-2058-40c8-be3e-17d04e7b92e3",
      "representedEntity": "l0xexj28pamc4pvg7n",
      "position": {
        "x": -1670,
        "y": 210,
        "anchored": null
      },
      "content": [
        "hs1pijzdbs4mc4pvos3"
      ],
      "visualModels": [],
      "type": [
        "visual-node"
      ],
      "identifier": "phkw2"
    },
    {
      "model": "ad8239e6-2058-40c8-be3e-17d04e7b92e3",
      "representedRelationship": "2lrjh8fyqlmc4pwmaj",
      "waypoints": [],
      "visualSource": "b5udf",
      "visualTarget": "2k3sq",
      "type": [
        "visual-relationship"
      ],
      "identifier": "3rjsi"
    },
    {
      "model": "ad8239e6-2058-40c8-be3e-17d04e7b92e3",
      "representedRelationship": "stcnp5432emc4pxdwb",
      "waypoints": [],
      "visualSource": "b5udf",
      "visualTarget": "phkw2",
      "type": [
        "visual-relationship"
      ],
      "identifier": "tfdvv"
    },
    {
      "model": "ad8239e6-2058-40c8-be3e-17d04e7b92e3",
      "representedRelationship": "8m52zmfvc0bmc4pxzbo",
      "waypoints": [],
      "visualSource": "b5udf",
      "visualTarget": "phkw2",
      "type": [
        "visual-relationship"
      ],
      "identifier": "wt97j"
    },
    {
      "type": [
        "http://dataspecer.com/resources/local/visual-model"
      ],
      "representedModel": "oljdy",
      "color": "#4dc9ab",
      "identifier": "46832k"
    },
    {
      "model": "ad8239e6-2058-40c8-be3e-17d04e7b92e3",
      "representedEntity": "5a3euzgiy1bmc4u7783",
      "position": {
        "x": 2700,
        "y": -1210,
        "anchored": null
      },
      "content": [
        "q3yk0fyyzkmc4ursme"
      ],
      "visualModels": [],
      "type": [
        "visual-node"
      ],
      "identifier": "05qdf"
    },
    {
      "model": "ad8239e6-2058-40c8-be3e-17d04e7b92e3",
      "representedEntity": "xf2jz1piudmc4uacfo",
      "position": {
        "x": 1880,
        "y": -1210,
        "anchored": null
      },
      "content": [
        "t71zn7mrtkhmc4uq1px"
      ],
      "visualModels": [],
      "type": [
        "visual-node"
      ],
      "identifier": "n5x91"
    },
    {
      "model": "ad8239e6-2058-40c8-be3e-17d04e7b92e3",
      "representedEntity": "2bgou7wg47umc4unz8h",
      "position": {
        "x": 2310,
        "y": -1650,
        "anchored": null
      },
      "content": [
        "au42h8jv1qjmc4urjle"
      ],
      "visualModels": [],
      "type": [
        "visual-node"
      ],
      "identifier": "msz5f"
    },
    {
      "model": "ad8239e6-2058-40c8-be3e-17d04e7b92e3",
      "representedRelationship": "xoucguueiumc4wjqdc",
      "waypoints": [],
      "visualSource": "msz5f",
      "visualTarget": "05qdf",
      "type": [
        "visual-relationship"
      ],
      "identifier": "zemlv"
    },
    {
      "model": "ad8239e6-2058-40c8-be3e-17d04e7b92e3",
      "representedRelationship": "i66watrgzpnmc4wlgkc",
      "waypoints": [],
      "visualSource": "msz5f",
      "visualTarget": "n5x91",
      "type": [
        "visual-relationship"
      ],
      "identifier": "oli9l"
    },
    {
      "model": "ad8239e6-2058-40c8-be3e-17d04e7b92e3",
      "representedRelationship": "u20rc2ss48smc4wmwu6",
      "waypoints": [],
      "visualSource": "05qdf",
      "visualTarget": "n5x91",
      "type": [
        "visual-relationship"
      ],
      "identifier": "t90c3"
    },
    {
      "model": "ad8239e6-2058-40c8-be3e-17d04e7b92e3",
      "representedRelationship": "e8o7qxxjmgfmc4wnbur",
      "waypoints": [],
      "visualSource": "n5x91",
      "visualTarget": "05qdf",
      "type": [
        "visual-relationship"
      ],
      "identifier": "x2spt"
    },
    {
      "model": "ad8239e6-2058-40c8-be3e-17d04e7b92e3",
      "representedRelationship": "o72bkzlu0kpmc92zbhe",
      "waypoints": [],
      "visualSource": "hja8f",
      "visualTarget": "8s4hnj",
      "type": [
        "visual-relationship"
      ],
      "identifier": "0zzsi"
    },
    {
      "model": "ad8239e6-2058-40c8-be3e-17d04e7b92e3",
      "representedEntity": "6j6j3rededymc930s2j",
      "position": {
        "x": 1240,
        "y": 1100,
        "anchored": null
      },
      "content": [
        "99z0kwkflfkmc96vfan"
      ],
      "visualModels": [],
      "type": [
        "visual-node"
      ],
      "identifier": "bjj2j"
    },
    {
      "model": "ad8239e6-2058-40c8-be3e-17d04e7b92e3",
      "representedRelationship": "211q3qg7wjdmc931ebw",
      "waypoints": [],
      "visualSource": "xleu4",
      "visualTarget": "bjj2j",
      "type": [
        "visual-relationship"
      ],
      "identifier": "3eup6"
    },
    {
      "model": "ad8239e6-2058-40c8-be3e-17d04e7b92e3",
      "representedRelationship": "ov835sryynfmc931q77",
      "waypoints": [],
      "visualSource": "i6418",
      "visualTarget": "bjj2j",
      "type": [
        "visual-relationship"
      ],
      "identifier": "hgyht"
    },
    {
      "model": "ad8239e6-2058-40c8-be3e-17d04e7b92e3",
      "representedRelationship": "rmbsmu0p9jmc93bcme",
      "waypoints": [],
      "visualSource": "2ek6p",
      "visualTarget": "zraun",
      "type": [
        "visual-relationship"
      ],
      "identifier": "n8qm3l"
    },
    {
      "type": [
        "http://dataspecer.com/resources/local/visual-model"
      ],
      "representedModel": "0khmq",
      "color": "#1effbc",
      "identifier": "rt0x5"
    }
  ]
}