{
  "iri": "ad8239e6-2058-40c8-be3e-17d04e7b92e3",
  "types": [
    "http://dataspecer.com/resources/local/semantic-model"
  ],
  "userMetadata": {
    "label": {
      "en": "CCMM REMBI AP"
    },
    "description": {
      "en": "Semantic model for the profile"
    }
  },
  "metadata": {
    "creationDate": "2025-06-23T15:03:32.966Z",
    "modificationDate": "2025-06-25T09:40:44.933Z"
  },
  "_version": 1,
  "_exportVersion": 1,
  "_exportedAt": "2025-06-25T10:33:55.681Z",
  "_exportedBy": "http://localhost:3100"
}